Wavelength,Current
587.0034944501,5.82081e-11
587.0071583670667,5.82081e-11
587.0104915202667,5.82081e-11
587.0141577614334,5.82081e-11
587.0178242944,5.82081e-11
587.0214913606,5.82081e-11
587.0251570987,5.82081e-11
587.0288240240334,5.82081e-11
587.0324904262,5.82081e-11
587.0361569994,5.82081e-11
587.0398231701,5.82081e-11
587.0434903067667,5.82081e-11
587.0471563165,5.82081e-11
587.0508228394,5.82081e-11
587.0541559121333,5.82081e-11
587.0578223746334,5.82081e-11
587.0614893704334,5.82081e-11
587.0651562153,5.82081e-11
587.0688222552334,5.82081e-11
587.0724890799667,5.82081e-11
587.0761550192667,5.82081e-11
587.0798219345667,5.82081e-11
587.0834886888666,5.82081e-11
587.0871544470667,5.82081e-11
587.09082098,5.82081e-11
587.0944876337,5.82081e-11
587.0981539251667,5.82081e-11
587.1014874808667,5.82081e-11
587.1051538226334,5.82081e-11
587.1088200537333,5.82081e-11
587.1124872105,5.82081e-11
587.116153995,5.82081e-11
587.1198196928333,5.82081e-11
587.1234874231,5.82081e-11
587.1271529499,5.82081e-11
587.1308193118,5.82081e-11
587.1344859051334,5.82081e-11
587.1381522670333,5.82081e-11
587.1418189710333,5.82081e-11
587.1454857052,5.82081e-11
587.1488187276333,5.82081e-11
587.1524852102667,5.82081e-11
587.1561515218667,5.82081e-11
587.1598182862333,5.82081e-11
587.163484789,5.82081e-11
587.1671509597334,5.82081e-11
587.1708175228666,5.82081e-11
587.1744837942,5.82081e-11
587.1781505284,5.82081e-11
587.1818172223333,5.82081e-11
587.1854835943,5.82081e-11
587.1891501775333,5.82081e-11
587.1924833207,5.82081e-11
587.1961497631,5.82081e-11
587.1998162256333,5.82081e-11
587.203516988,5.82081e-11
587.2071823940666,5.82081e-11
587.2108493395333,5.82081e-11
587.2145157316,5.82081e-11
587.2181819224667,5.82081e-11
587.2218484353,5.82081e-11
587.2255151694667,5.82081e-11
587.2291816521,5.82081e-11
587.2328486982,5.82081e-11
587.2361814288666,5.82081e-11
587.2398475090333,5.82081e-11
587.2435150481333,5.82081e-11
587.2471809069667,5.82081e-11
587.2508472789333,5.82081e-11
587.2545137515,5.82081e-11
587.2581802945,5.82081e-11
587.2618471091666,5.82081e-11
587.2655134409,5.82081e-11
587.2691799336,5.82081e-11
587.2728468992,5.82081e-11
587.2765136233,5.82081e-11
587.2798463338333,5.82081e-11
587.2835131887666,5.82081e-11
587.2871789972667,5.82081e-11
587.2908452887333,5.82081e-11
587.2945119223,5.82081e-11
587.2981784955,5.82081e-11
587.3018449479666,5.82081e-11
587.3055115312,5.82081e-11
587.3091778327333,5.82081e-11
587.3128446977333,5.82081e-11
587.3165108684667,5.82081e-11
587.3201781057334,5.82081e-11
587.323511269,5.82081e-11
587.3271771278334,5.82081e-11
587.3308437312,5.82081e-11
587.3345103044,5.82081e-11
587.3381765858334,5.82081e-11
587.3418430886,5.82081e-11
587.3455099737,5.82081e-11
587.3491763657667,5.82081e-11
587.3528427578667,5.82081e-11
587.3565095926666,5.82081e-11
587.3601763570333,5.82081e-11
587.3638422460333,5.82081e-11
587.3675088896666,5.82081e-11
587.3708418517,5.82081e-11
587.3748422473334,5.82081e-11
587.3781757929667,5.82081e-11
587.3818416417333,5.82081e-11
587.3855081948,5.82081e-11
587.3891745265333,5.82081e-11
587.3928408884333,5.82081e-11
587.3965080753667,5.82081e-11
587.4001745781334,5.82081e-11
587.4038404671334,5.82081e-11
587.4075069196,5.82081e-11
587.4111736638333,5.82081e-11
587.4145067466334,5.82081e-11
587.4181730079333,5.82081e-11
587.4218397421,5.82081e-11
587.4255061543333,5.82081e-11
587.4291729186667,5.82081e-11
587.4328399446333,5.82081e-11
587.4365070309667,5.82081e-11
587.4401727288333,5.82081e-11
587.4438390303667,5.82081e-11
587.4475055733667,5.82081e-11
587.4511717441,5.82081e-11
587.4548384883333,5.82081e-11
587.4585048603,5.82081e-11
587.4618385971,5.82081e-11
587.4655048080666,5.82081e-11
587.4691709888667,5.82081e-11
587.4728708457,5.82081e-11
587.4765381835666,5.82081e-11
587.4802043845,5.82081e-11
587.4838701729,5.82081e-11
587.4875366857333,5.82081e-11
587.4912031583,5.82081e-11
587.4948699025333,5.82081e-11
587.4985365763333,5.82081e-11
587.5018693573,5.82081e-11
587.5055359908666,5.82081e-11
587.5092023829667,5.82081e-11
587.512869097,5.82081e-11
587.5165357808667,5.82081e-11
587.5202023943333,5.82081e-11
587.5238684745,5.82081e-11
587.5275351785,5.82081e-11
587.5312014297333,5.82081e-11
587.5348680129666,5.82081e-11
587.5385349182,5.82081e-11
587.5422010386334,5.82081e-11
587.5458675615,5.82081e-11
587.5492006141334,5.82081e-11
587.5528672477,5.82081e-11
587.5565336901,5.82081e-11
587.5602009676,5.82081e-11
587.5638669270334,5.82081e-11
587.5675332285666,5.82081e-11
587.5712001941666,5.82081e-11
587.5748662844,5.82081e-11
587.5785336021667,5.82081e-11
587.5821992899333,5.82081e-11
587.5858659738,5.82081e-11
587.5895324866333,5.82081e-11
587.5928656700333,5.82081e-11
587.5965324143,5.82081e-11
587.6001986755666,5.82081e-11
587.6038650374667,5.82081e-11
587.6075313993666,5.82081e-11
587.6111980832334,5.82081e-11
587.6148644753333,5.82081e-11
587.6185310988334,5.82081e-11
587.6221973601333,5.82081e-11
587.6258637824,5.82081e-11
587.6295306373,5.82081e-11
587.6331966470667,5.82081e-11
587.6368640251667,5.82081e-11
587.6401969671333,5.82081e-11
587.6438632485333,5.82081e-11
587.6475295601333,5.82081e-11
587.6511960226334,5.82081e-11
587.6548628373,5.82081e-11
587.6585295413,5.82081e-11
587.6621960541333,5.82081e-11
587.6658622349333,5.82081e-11
587.6695288181667,5.82081e-11
587.6731953410666,5.82081e-11
587.6768625380666,5.82081e-11
587.6805283969,5.82081e-11
587.6838614092667,5.82081e-11
587.6875279019666,5.82081e-11
587.6911944550334,5.82081e-11
587.6948612093666,5.82081e-11
587.6985275209333,5.82081e-11
587.7021938929,5.82081e-11
587.7058603755667,5.82081e-11
587.7095272304666,5.82081e-11
587.7131937734666,5.82081e-11
587.7168604573667,5.82081e-11
587.7205263363,5.82081e-11
587.7241927887667,5.82081e-11
587.7278596738666,5.82081e-11
587.731192485,5.82081e-11
587.7348591386667,1.16416e-10
587.7385254100334,1.16416e-10
587.7421921140333,1.16416e-10
587.7458589890666,1.16416e-10
587.7495256930666,1.16416e-10
587.7531916525,1.16416e-10
587.7568586482666,1.16416e-10
587.7605246479667,1.16416e-10
587.7641912010333,1.16416e-10
587.7678574925,1.16416e-10
587.7715241965,1.16416e-10
587.7748573799333,1.16416e-10
587.7785245367,1.16416e-10
587.7821907778666,1.16416e-10
587.7858571598666,1.16416e-10
587.7895246788667,1.16416e-10
587.7931901553334,1.16416e-10
587.7968572215667,1.16416e-10
587.8005231508,1.16416e-10
587.8041894422666,1.16416e-10
587.8078556432,1.16416e-10
587.8115230716334,1.16416e-10
587.8151891015,1.16416e-10
587.8188554734667,1.16416e-10
587.8221888883,1.16416e-10
587.8258553407334,1.16416e-10
587.8295222661,1.16416e-10
587.8331883462666,1.16416e-10
587.8368555936,1.16416e-10
587.8405211405,1.16416e-10
587.8441877439,1.16416e-10
587.847853975,1.16416e-10
587.8515206387333,1.16416e-10
587.8551872622334,1.16416e-10
587.8588534028,1.16416e-10
587.8625205495,1.16416e-10
587.8658533204,1.16416e-10
587.8695202256,1.16416e-10
587.8732199818334,1.16416e-10
587.87688737,1.16416e-10
587.8805532690667,1.16416e-10
587.8842190071666,1.16416e-10
587.8878856608667,1.16416e-10
587.8915521032334,1.16416e-10
587.8952191191667,1.16416e-10
587.8988852094,1.16416e-10
587.9025517222,1.16416e-10
587.9058850766667,1.16416e-10
587.9095516197,1.16416e-10
587.9132181325,1.16416e-10
587.9168849371333,1.16416e-10
587.9205509066334,1.16416e-10
587.9242173792,1.16416e-10
587.9278838719,1.16416e-10
587.9315506362667,1.16416e-10
587.9352166259,1.16416e-10
587.9388832494,1.16416e-10
587.9425500137667,1.16416e-10
587.9462163857334,1.16416e-10
587.9498826369667,1.16416e-10
587.9532161725333,1.16416e-10
587.9568828161333,1.16416e-10
587.9605491076334,1.16416e-10
587.9642155600667,1.16416e-10
587.9678820125333,1.16416e-10
587.9715485555333,1.16416e-10
587.9752151186667,1.16416e-10
587.9788818025334,1.16416e-10
587.9825480135333,1.16416e-10
587.9862144861,1.16416e-10
587.9898809788,1.16416e-10
587.9935484072333,1.16416e-10
587.9968818925,1.16416e-10
588.0005472381666,1.16416e-10
588.0042138113666,1.16416e-10
588.0078801431,1.16416e-10
588.0115474004666,1.16416e-10
588.0152132995333,1.16416e-10
588.0188798123667,1.16416e-10
588.0225466974666,1.16416e-10
588.0262127575334,1.16416e-10
588.0298797935667,1.16416e-10
588.0335466183,1.16416e-10
588.0372123664333,1.16416e-10
588.0408787484666,1.16416e-10
588.0442123142,1.74624e-10
588.0478786258,1.74624e-10
588.0515451587667,1.74624e-10
588.0552112691333,1.74624e-10
588.0588780234333,1.74624e-10
588.0625450896333,1.74624e-10
588.0662120854333,1.74624e-10
588.0698783366333,1.74624e-10
588.0735445778,1.74624e-10
588.0772107988333,1.74624e-10
588.0808770802666,1.74624e-10
588.0845435629,1.74624e-10
588.0878764947666,1.74624e-10
588.0915430176667,1.74624e-10
588.0952102851,1.74624e-10
588.0988761036666,1.74624e-10
588.1025429887667,1.74624e-10
588.1062093507,1.74624e-10
588.1098766483,1.74624e-10
588.1135428391667,1.74624e-10
588.1172086275667,1.74624e-10
588.1208751102,1.74624e-10
588.1245420556667,1.74624e-10
588.1282083974667,2.32832e-10
588.1318752121333,2.32832e-10
588.1352083351667,2.32832e-10
588.1388745662666,2.32832e-10
588.1425413608333,2.32832e-10
588.146207602,2.32832e-10
588.1498739538333,2.32832e-10
588.1535410502333,2.32832e-10
588.1572069090333,2.32832e-10
588.1608734319333,2.32832e-10
588.1645400453667,2.32832e-10
588.1682065582,2.32832e-10
588.1718729804667,2.32832e-10
588.1755394329333,2.32832e-10
588.1788729785667,2.32832e-10
588.1825393706333,2.32832e-10
588.1862055715667,2.32832e-10
588.1898720743334,2.32832e-10
588.1935397744,2.32832e-10
588.1972052307667,2.32832e-10
588.2008714618667,2.32832e-10
588.2045385985333,2.32832e-10
588.2082379221,2.32832e-10
588.2119052901667,2.32832e-10
588.2155713401334,2.32832e-10
588.2192375612,2.32832e-10
588.2225709760334,2.9104e-10
588.2262376599,2.9104e-10
588.2299039111,2.9104e-10
588.2335706956,2.9104e-10
588.2372368965333,2.9104e-10
588.2409030471333,2.9104e-10
588.2445700228,2.9104e-10
588.2482364048,2.9104e-10
588.2519025051,2.9104e-10
588.2555692493667,2.9104e-10
588.2592361042666,2.9104e-10
588.2629027378333,3.49248e-10
588.2662359413666,3.49248e-10
588.2699023837666,3.49248e-10
588.2735692387,3.49248e-10
588.2772351377666,3.49248e-10
588.2809014694667,3.49248e-10
588.2845678515,3.49248e-10
588.2882343140334,3.49248e-10
588.2919012494333,3.49248e-10
588.2955677320666,4.07455e-10
588.2992339229334,4.07455e-10
588.3029005162333,4.07455e-10
588.3065671397334,4.07455e-10
588.3102341757667,4.65665e-10
588.3135675503667,4.65665e-10
588.3172330469666,4.65665e-10
588.3208994793,4.65665e-10
588.3245663040333,4.65665e-10
588.3282326961333,4.65665e-10
588.3318994806,5.23873e-10
588.3355658626333,5.23873e-10
588.3392323754666,5.23873e-10
588.3428989486666,5.23873e-10
588.3465659042,5.8208e-10
588.3502323164,5.8208e-10
588.3538981450333,5.8208e-10
588.3572314793666,5.8208e-10
588.3608976903666,6.40288e-10
588.3645645352,6.98495e-10
588.3682311788333,6.98495e-10
588.3718975105667,6.98495e-10
588.3755642145334,7.56703e-10
588.3792307676333,7.56703e-10
588.3828973207,8.14911e-10
588.3865634813667,8.14911e-10
588.3902304268333,8.73118e-10
588.3938961649334,9.3133e-10
588.3975629997,9.3133e-10
588.4012296634667,9.89537e-10
588.4045627060333,1.04775e-09
588.4082289572333,1.10595e-09
588.4118961743667,1.16416e-09
588.4155623048666,1.22237e-09
588.4192287774333,1.28058e-09
588.4228953607,1.39699e-09
588.4265617125334,1.4552e-09
588.4302291107666,1.51341e-09
588.4338946375667,1.62982e-09
588.4375614019333,1.74624e-09
588.4412275123,1.86266e-09
588.4448943974,1.97907e-09
588.4482277820666,2.09549e-09
588.4518941037,2.27011e-09
588.4555611397333,2.44474e-09
588.4592268979334,2.61936e-09
588.4628938937333,2.79398e-09
588.4665600443333,3.02681e-09
588.4702270099333,3.31785e-09
588.4738929190667,3.60889e-09
588.4775598142334,3.95815e-09
588.4812257334333,4.3074e-09
588.4848929002334,4.77306e-09
588.4885591112334,5.29693e-09
588.4922255033,5.82079e-09
588.4955588678333,6.40287e-09
588.4992251492333,7.04316e-09
588.5028915413334,7.79988e-09
588.5065582654667,8.55658e-09
588.5102253920334,9.37149e-09
588.5138912005333,1.02446e-08
588.5175576127667,1.11759e-08
588.5212242563666,1.22237e-08
588.5248905679666,1.32714e-08
588.5285575034,1.43773e-08
588.5322237345,1.5658e-08
588.535890197,1.68803e-08
588.5392235615333,1.81027e-08
588.5428901548333,1.94415e-08
588.5465565972333,2.08967e-08
588.5502229893333,2.23519e-08
588.5538891600667,2.39235e-08
588.557555693,2.55533e-08
588.5612222762667,2.72413e-08
588.5648891915666,2.88711e-08
588.5685553924667,3.04428e-08
588.5722218952334,3.21309e-08
588.5758884684333,3.37025e-08
588.5795551825,3.52741e-08
588.5832213733333,3.67875e-08
588.5865548384667,3.80098e-08
588.5902220254334,3.94068e-08
588.5938876629,4.07456e-08
588.5975542059,4.20844e-08
588.6012204068334,4.34231e-08
588.6048871209,4.47037e-08
588.6085872091334,4.60425e-08
588.6122534503,4.73231e-08
588.6159198524333,4.86618e-08
588.6195866168,4.99424e-08
588.6232528579667,5.12812e-08
588.6265861118334,5.25617e-08
588.6302538320333,5.39587e-08
588.6339189362334,5.53557e-08
588.6375856402333,5.68109e-08
588.6412521027667,5.83243e-08
588.6449187665,5.98961e-08
588.6485851988333,6.1526e-08
588.6522518424666,6.3214e-08
588.6559183351667,6.47856e-08
588.6595848781667,6.64154e-08
588.6632515117333,6.79288e-08
588.6669180748667,6.9384e-08
588.6702513287333,7.07228e-08
588.6739174089,7.21197e-08
588.6775839519,7.35167e-08
588.6812502333333,7.49137e-08
588.684916887,7.62525e-08
588.6885836212,7.75913e-08
588.6922501139,7.88718e-08
588.6959165160333,8.02106e-08
588.6995832703333,8.1433e-08
588.7032496221667,8.26553e-08
588.7069161148667,8.38777e-08
588.7105828792334,8.50418e-08
588.7142489896,8.62642e-08
588.7175822535,8.73119e-08
588.7212484142,8.85343e-08
588.7249149471334,8.96985e-08
588.7285820234,9.08044e-08
588.7322483853,9.18521e-08
588.7359146667334,9.29581e-08
588.7395815518333,9.38894e-08
588.7432479238,9.48789e-08
588.7469143058,9.57521e-08
588.7505807079667,9.6567e-08
588.7542469088667,9.73819e-08
588.7579134317666,9.81386e-08
588.7615803772334,9.89535e-08
588.7649134198,9.9652e-08
588.7685799225667,1.00409e-07
588.7722796888334,1.01282e-07
588.7759459199333,1.02213e-07
588.7796128855333,1.03144e-07
588.7832789456,1.04076e-07
588.7869459916667,1.05123e-07
588.7906122127,1.06171e-07
588.7942786551,1.07277e-07
588.7979452182333,1.08558e-07
588.8016117310667,1.09838e-07
588.8049447132667,1.11177e-07
588.8086117996,1.12632e-07
588.8122781816,1.14087e-07
588.8159444328334,1.15426e-07
588.8196108551,1.1659e-07
588.8232775993666,1.17405e-07
588.826944736,1.17987e-07
588.8306104942,1.18162e-07
588.8342769667667,1.17813e-07
588.8379432884333,1.1694e-07
588.8416099119333,1.15601e-07
588.8452768272333,1.1368e-07
588.8486099402,1.11526e-07
588.8522760002667,1.08616e-07
588.8559425432667,1.05298e-07
588.8596092472667,1.01573e-07
588.8632758406,9.76147e-08
588.8669429873,9.34238e-08
588.8706088159333,8.88253e-08
588.8742749363666,8.39941e-08
588.8779423547334,7.88718e-08
588.8816083343,7.36914e-08
588.8852748169334,6.84527e-08
588.8889411587,6.31558e-08
588.8926076614666,5.77422e-08
588.8959408046334,5.2911e-08
588.8996080117,4.76723e-08
588.9032738906667,4.26082e-08
588.9069406751333,3.80098e-08
588.9106070672333,3.37607e-08
588.9142732983333,2.97442e-08
588.9179397608667,2.60771e-08
588.9216068773667,2.28175e-08
588.9252729072333,1.98489e-08
588.9289396716,1.72296e-08
588.9326060335,1.49013e-08
588.9362724155334,1.28639e-08
588.9396388725334,1.11759e-08
588.9433065625667,9.66253e-09
588.9469724415,8.32375e-09
588.9506384412,7.15957e-09
588.9543047326666,6.22825e-09
588.9579712656,5.47155e-09
588.9616377382,4.83126e-09
588.9653046434,4.24919e-09
588.9689710556333,3.78353e-09
588.9726374879667,3.37606e-09
588.9763039706,3.08502e-09
588.9799709965666,2.85219e-09
588.9833037071,2.67757e-09
588.9869704312,2.56115e-09
588.9906365315,2.44474e-09
588.9943032053,2.38653e-09
588.9979694062333,2.27011e-09
589.0016366233667,2.21191e-09
589.005303267,2.1537e-09
589.0089695182334,2.1537e-09
589.0126358901666,2.09549e-09
589.0163026646,2.09549e-09
589.0199686240334,2.09549e-09
589.0236357506334,2.09549e-09
589.0269686825,2.09549e-09
589.0306345916333,2.09549e-09
589.0343012855667,2.1537e-09
589.0379675770333,2.1537e-09
589.0416342911,2.21191e-09
589.0453013271333,2.27011e-09
589.0489675481666,2.38653e-09
589.0526337692,2.44474e-09
589.0563003625333,2.56115e-09
589.0599671872667,2.67757e-09
589.0636339516333,2.85219e-09
589.0673004845667,3.02681e-09
589.0709663635,3.25964e-09
589.0742998487667,3.43427e-09
589.0779663414667,3.6671e-09
589.0816325122,3.95815e-09
589.0852990753333,4.24919e-09
589.0889654976334,4.59843e-09
589.0926318997666,4.94768e-09
589.0962986741999,5.41334e-09
589.0999650763333,5.82079e-09
589.1036320821667,6.34466e-09
589.1072979611333,6.92674e-09
589.1109652788666,7.50885e-09
589.1146309968333,8.14913e-09
589.1179640997667,8.78941e-09
589.1216312766667,9.54611e-09
589.1252972159666,1.04192e-08
589.1289640004667,1.13506e-08
589.1326303422334,1.23983e-08
589.1362969255,1.3446e-08
589.1399633276334,1.44938e-08
589.1436305246667,1.55416e-08
589.1472963633666,1.66475e-08
589.1509625844,1.76952e-08
589.1546292079,1.86848e-08
589.1582957911667,1.97907e-08
589.1619625555334,2.08385e-08
589.1652959301,2.17698e-08
589.1689621310334,2.28175e-08
589.1726285633666,2.38653e-08
589.1762951969333,2.4913e-08
589.1799621424,2.59607e-08
589.1836283936,2.69503e-08
589.1872945341667,2.7998e-08
589.1909607753333,2.90457e-08
589.1946274089,3.01518e-08
589.1982941229334,3.12577e-08
589.2019606659667,3.23637e-08
589.2056270278666,3.34696e-08
589.2089603119,3.44592e-08
589.2126270460667,3.56233e-08
589.2162938808667,3.67293e-08
589.2199597698667,3.78934e-08
589.2236266549667,3.89994e-08
589.2272928056,4.00471e-08
589.2309594190333,4.10948e-08
589.2346257306333,4.21426e-08
589.2382921227,4.31903e-08
589.2419587562666,4.41798e-08
589.2456254904666,4.52276e-08
589.2492916410666,4.62171e-08
589.2529583148666,4.72648e-08
589.2562916291,4.81962e-08
589.2599582727,4.91857e-08
589.2636248962333,5.02334e-08
589.2672911072,5.1223e-08
589.2709575797667,5.22125e-08
589.2746239316,5.32602e-08
589.2782906758666,5.42498e-08
589.2819569572666,5.52393e-08
589.2856235707,5.63452e-08
589.2892900433,5.74512e-08
589.2929567372333,5.84989e-08
589.2966254434666,5.95467e-08
589.2999560813,6.04782e-08
589.3036231173334,6.13513e-08
589.3072894591,6.22827e-08
589.3109558713334,6.30976e-08
589.3146223036666,6.38543e-08
589.3182887561,6.46692e-08
589.3219550073334,6.54259e-08
589.3256215503334,6.61826e-08
589.3292884757,6.68811e-08
589.3329552702334,6.75795e-08
589.3366213403667,6.82198e-08
589.3399878979667,6.88601e-08
589.3436550346,6.9384e-08
589.3473207727,7.00243e-08
589.3509871547334,7.06063e-08
589.3546536876667,7.12466e-08
589.3583204621,7.18869e-08
589.3619869346667,7.25272e-08
589.3656534877333,7.32257e-08
589.3693200508667,7.3866e-08
589.3729862417333,7.46227e-08
589.3766538110333,7.53794e-08
589.3803197402667,7.61943e-08
589.3839857097666,7.70674e-08
589.3873189435,7.78241e-08
589.3909851947334,7.87554e-08
589.3946520999667,7.96867e-08
589.3983184115667,8.06181e-08
589.4019848237666,8.16076e-08
589.4056512661666,8.26553e-08
589.4093179399666,8.36449e-08
589.4129845634667,8.45762e-08
589.4166510159333,8.55075e-08
589.4203179211667,8.63224e-08
589.4239837095333,8.69045e-08
589.4276505846,8.73119e-08
589.4313170269667,8.73702e-08
589.4346500192333,8.70791e-08
589.4383168741333,8.64388e-08
589.4419845541,8.53329e-08
589.4456500004,8.36449e-08
589.4493166440334,8.15494e-08
589.4529826638334,7.90465e-08
589.4566500922666,7.61361e-08
589.460316263,7.31093e-08
589.4639824035667,6.98496e-08
589.4676486447333,6.67064e-08
589.4713152984,6.35632e-08
589.4749815999334,6.03036e-08
589.4783484493333,5.72766e-08
589.4820150527,5.39005e-08
589.4856814649334,5.05245e-08
589.4893482896666,4.70902e-08
589.4930143296,4.35978e-08
589.4966829452667,3.99307e-08
589.5003476671334,3.638e-08
589.5040140089334,3.28293e-08
589.5076801494666,2.9395e-08
589.5113469842667,2.59607e-08
589.5150133562333,2.25265e-08
589.5183466905667,1.96161e-08
589.5220128713667,1.66475e-08
589.5256795955,1.40281e-08
589.5293461284333,1.16998e-08
589.5330129632333,9.66253e-09
589.5366790736,7.97451e-09
589.5403459587,6.51929e-09
589.5440119785,5.35513e-09
589.5476785114666,4.42381e-09
589.5513452154333,3.72532e-09
589.5550116578333,3.08502e-09
589.5586778084333,2.67757e-09
589.5623451161333,2.32832e-09
589.5656779272666,2.03728e-09
589.5693445206,1.80444e-09
589.5730106309667,1.62982e-09
589.5766784115333,1.4552e-09
589.5803442603,1.33878e-09
589.5840099883334,1.22237e-09
589.5876765514666,1.16416e-09
589.591343507,1.04775e-09
589.5950096878,9.89537e-10
589.5986762811,9.89537e-10
589.6023427637333,9.3133e-10
589.6060095784334,8.73118e-10
589.6093425606,8.14911e-10
589.6130090432333,8.14911e-10
589.6166751737334,7.56703e-10
589.62034225,7.56703e-10
589.6240083301667,6.98495e-10
589.6276748933,6.98495e-10
589.6313413659,6.98495e-10
589.6350082308667,6.98495e-10
589.6386745022334,6.40288e-10
589.6423411559,6.40288e-10
589.6460075882334,5.8208e-10
589.6496744431666,5.8208e-10
589.6533406642,5.8208e-10
589.6566737570666,5.8208e-10
589.6603408333333,5.23873e-10
589.6640067424667,5.23873e-10
589.6676732251,5.23873e-10
589.6713398687333,5.23873e-10
589.6750062306334,5.23873e-10
589.6786732968334,5.23873e-10
589.6823394675666,4.65665e-10
589.6860058093666,4.65665e-10
589.6896722316334,4.65665e-10
589.6933387746334,4.65665e-10
589.6970058006,4.65665e-10
589.7003389739667,4.65665e-10
589.7040049434667,4.07455e-10
589.7076712047333,4.07455e-10
589.7113382609,4.07455e-10
589.7150042807,4.07455e-10
589.7186707633333,4.07455e-10
589.7223376182667,3.49248e-10
589.7260036883666,3.49248e-10
589.7296707244,3.49248e-10
589.7333370058333,3.49248e-10
589.7370041122666,3.49248e-10
589.7406697497333,3.49248e-10
589.7443366952333,3.49248e-10
589.7476697679666,3.49248e-10
589.7513359688667,3.49248e-10
589.7550034073666,3.49248e-10
589.7586691857,3.49248e-10
589.7623359802334,3.49248e-10
589.7660021509666,3.49248e-10
589.7696686235666,2.9104e-10
589.7733352772333,2.9104e-10
589.777035778,2.9104e-10
589.7807014557334,2.9104e-10
589.7843681094333,2.9104e-10
589.7877013029,2.9104e-10
589.7913676346,2.9104e-10
589.7950340971333,2.9104e-10
589.7987011834666,2.9104e-10
589.8023675856,2.9104e-10
589.8060336356,2.9104e-10
589.8097001082,2.9104e-10
589.8133672146333,2.9104e-10
589.8170334055,2.9104e-10
589.8206997372333,2.9104e-10
589.8243661192333,2.9104e-10
589.8280326823667,2.9104e-10
589.8313660871333,2.9104e-10
589.835032439,2.9104e-10
589.8386987405333,2.32832e-10
589.8423654545667,2.32832e-10
589.8460321485,2.32832e-10
589.8496988827,2.32832e-10
589.8533651339,2.32832e-10
589.8570317976667,2.32832e-10
589.8606976967334,2.32832e-10
589.8643644611,2.32832e-10
589.8680307425,2.32832e-10
589.8716974867333,2.32832e-10
589.8753639895,2.32832e-10
589.8786975049667,2.32832e-10
589.8823637562,2.32832e-10
589.8860303897334,2.32832e-10
589.8896964296666,2.32832e-10
589.8933632343,2.32832e-10
589.8970303206333,2.32832e-10
589.9006959681667,2.32832e-10
589.9043627224667,2.32832e-10
589.9080291548,2.32832e-10
589.9116958688334,2.32832e-10
589.9153624823,2.32832e-10
589.9190286631,2.32832e-10
589.922361927,2.32832e-10
589.9260280977334,2.32832e-10
589.9296955362,2.32832e-10
589.9333617371333,2.32832e-10
589.9370285719333,2.32832e-10
589.9406942094,2.32832e-10
589.9443617183,2.32832e-10
589.9480272753,2.32832e-10
589.9516940497333,1.74624e-10
589.9553604518667,1.74624e-10
589.9590267332667,1.74624e-10
589.9626935982667,1.74624e-10
589.9663604632333,1.74624e-10
589.9696930530333,1.74624e-10
589.9733595356666,1.74624e-10
589.9770269942667,1.74624e-10
589.9806925210667,1.74624e-10
589.9843591345,1.74624e-10
589.9880253253667,1.74624e-10
589.9916920193,1.74624e-10
589.9953589144667,1.74624e-10
589.9990249946334,1.74624e-10
590.0026915276,1.74624e-10
590.0063581007666,1.74624e-10
590.0100262435667,1.74624e-10
590.0133585617,1.74624e-10
590.0170247626334,1.74624e-10
590.0206908327333,1.74624e-10
590.0243573556334,1.74624e-10
590.0280236269666,1.74624e-10
590.0316904919666,1.74624e-10
590.0353566627,1.74624e-10
590.0390232862,1.74624e-10
590.0426896782667,1.16416e-10
590.0463569356667,1.16416e-10
590.0500228246667,1.16416e-10
590.0536896192,1.16416e-10
590.0573559710666,1.16416e-10
590.0606891645333,1.16416e-10
590.064355617,1.16416e-10
590.0680226429666,1.16416e-10
590.0716892966333,1.16416e-10
590.0753552359666,1.16416e-10
590.0790217991,1.16416e-10
590.0826881006333,1.16416e-10
590.0863545933333,1.16416e-10
590.0900209351,1.16416e-10
590.0936880616666,1.16416e-10
590.0973541116666,1.16416e-10
590.1010205239,1.16416e-10
590.1046870970666,1.16416e-10
590.1080200994,1.16416e-10
590.1116868537,1.16416e-10
590.1153536381667,1.16416e-10
590.1190198089,1.16416e-10
590.1226871065334,1.16416e-10
590.1263529351667,1.16416e-10
590.1300202227334,1.16416e-10
590.1336862325,1.16416e-10
590.1373527654333,1.16416e-10
590.1410185035334,1.16416e-10
590.1446855194333,1.16416e-10
590.1483521932333,1.16416e-10
590.1516853062334,1.16416e-10
590.1553516782,1.16416e-10
590.1590180199667,1.16416e-10
590.1626847038333,1.16416e-10
590.1663515386333,1.16416e-10
590.1700178099667,1.16416e-10
590.1736846146,1.16416e-10
590.1773843507,1.16416e-10
590.1810506924667,1.16416e-10
590.1847171449333,1.16416e-10
590.1883840401,1.16416e-10
590.1917164990666,1.16416e-10
590.1953835854,1.16416e-10
590.1990495146666,1.16416e-10
590.2027160878666,1.16416e-10
590.206382651,1.16416e-10
590.2100502102,1.16416e-10
590.2137160187333,1.16416e-10
590.2173820989,1.16416e-10
590.2210484004333,1.16416e-10
590.2247149132667,1.16416e-10
590.2283819090334,1.16416e-10
590.2320483917,1.16416e-10
590.2357145624334,1.16416e-10
590.2390477760333,1.16416e-10
590.242713987,1.16416e-10
590.2463815261,1.16416e-10
590.2500474755,1.16416e-10
590.2537138776333,1.16416e-10
590.2573803703333,1.16416e-10
590.2610468630334,1.16416e-10
590.2647133054334,1.16416e-10
590.2683799691666,1.16416e-10
590.2720464216334,1.16416e-10
590.2757127231666,1.16416e-10
590.2793799805333,1.16416e-10
590.2827123087334,1.16416e-10
590.2863790127333,1.16416e-10
590.2900455557333,1.16416e-10
590.2937123402334,1.16416e-10
590.2973788329333,1.16416e-10
590.3010448929666,1.16416e-10
590.3047114661666,1.16416e-10
590.3083780393666,1.16416e-10
590.3120450552667,1.16416e-10
590.3157109845333,1.16416e-10
590.3193775275333,1.16416e-10
590.3230448151,1.16416e-10
590.3267117907667,1.16416e-10
590.3300454772667,1.16416e-10
590.3337106317666,1.16416e-10
590.3373769131666,1.16416e-10
590.3410430034334,1.16416e-10
590.3447099589666,1.16416e-10
590.3483763409666,1.16416e-10
590.3520426626334,1.16416e-10
590.3557093264,1.16416e-10
590.3593757486667,1.16416e-10
590.3630423319,1.16416e-10
590.3667088246,1.16416e-10
590.3703758304666,1.16416e-10
590.3737086919,1.16416e-10
590.3773753959,1.16416e-10
590.3810414157,1.16416e-10
590.3847078782334,1.16416e-10
590.3883749746333,1.16416e-10
590.3920409843666,1.16416e-10
590.3957076380667,1.16416e-10
590.3993740704,1.16416e-10
590.4030403719333,1.16416e-10
590.4067070759334,1.16416e-10
590.4103742226333,5.82081e-11
590.4140398500333,5.82081e-11
590.4177062320666,5.82081e-11
590.4210399386667,5.82081e-11
590.4247059081666,5.82081e-11
590.4283728234667,5.82081e-11
590.4320391350667,5.82081e-11
590.4357058994333,5.82081e-11
590.4393724122333,5.82081e-11
590.4430390659334,5.82081e-11
590.4467053171667,5.82081e-11
590.4503719909667,5.82081e-11
590.4540380711334,5.82081e-11
590.4577045135334,5.82081e-11
590.4613713382666,5.82081e-11
590.4647043405666,5.82081e-11
590.4683708433333,5.82081e-11
590.4720374266,5.82081e-11
590.4757039998,5.82081e-11
590.4793708647667,5.82081e-11
590.4830372669334,5.82081e-11
590.4867032465,5.82081e-11
590.4903704435,5.82081e-11
590.4940363325,5.82081e-11
590.4977028352666,5.82081e-11
590.5013694587667,5.82081e-11
590.5050361527,5.82081e-11
590.5087024341333,5.82081e-11
590.5120361005,5.82081e-11
590.5157019895,5.82081e-11
590.5193688645334,5.82081e-11
590.523035156,5.82081e-11
590.5267014877334,5.82081e-11
590.5303689161667,5.82081e-11
590.5340347347334,5.82081e-11
590.5377011368666,5.82081e-11
590.5413674686,5.82081e-11
590.5450345046333,5.82081e-11
590.548700615,5.82081e-11
590.5523672183666,5.82081e-11
590.5557002508667,5.82081e-11
590.5593670152333,5.82081e-11
590.5630338399667,5.82081e-11
590.5666997792666,5.82081e-11
590.5703668958,5.82081e-11
590.5740328753667,5.82081e-11
590.5777330239666,5.82081e-11
590.5813991242667,5.82081e-11
590.5850657377333,5.82081e-11
590.5887320593666,5.82081e-11
590.5923987533,5.82081e-11
590.5960652762,5.82081e-11
590.5993983791334,5.82081e-11
590.6030649523,5.82081e-11
590.6067313142,5.82081e-11
590.6103987024,5.82081e-11
590.6140643700334,5.82081e-11
590.6177309533,5.82081e-11
590.6213971844,5.82081e-11
590.6250638682667,5.82081e-11
590.6287308238,5.82081e-11
590.6323967329333,5.82081e-11
590.6360636281,5.82081e-11
590.6397301007,5.82081e-11
590.6430633444667,5.82081e-11
590.6467298472334,5.82081e-11
590.6503964808,5.82081e-11
590.6540624805,5.82081e-11
590.6577291845,5.82081e-11
590.6613959287333,5.82081e-11
590.6650621497666,5.82081e-11
590.6687287934,5.82081e-11
590.6723953162667,5.82081e-11
590.6760616178,5.82081e-11
590.6797285632666,5.82081e-11
590.6833947440666,5.82081e-11
590.6870618505334,5.82081e-11
590.6903947321,5.82081e-11
590.6940607016,5.82081e-11
590.6977272345666,5.82081e-11
590.7013939184334,5.82081e-11
590.7050603306334,5.82081e-11
590.7087269139,5.82081e-11
590.7123939096666,5.82081e-11
590.7160600200333,5.82081e-11
590.7197263014333,5.82081e-11
590.7233929249334,5.82081e-11
590.7270598905334,5.82081e-11
590.7307258097334,5.82081e-11
590.7340591139,5.82081e-11
590.7377257374,5.82081e-11
590.7413922200333,5.82081e-11
590.7450589139667,5.82081e-11
590.7487252658,5.82081e-11
590.7523916277,5.82081e-11
590.7560583719667,5.82081e-11
590.7597249351,5.82081e-11
590.7633915384666,5.82081e-11
590.7670579003667,5.82081e-11
590.7707240610333,5.82081e-11
590.7743904229334,5.82081e-11
590.7780571973667,5.82081e-11
590.7813904210333,5.82081e-11
590.7850566420667,5.82081e-11
590.7887232152667,5.82081e-11
590.7923900802333,5.82081e-11
590.7960567037334,5.82081e-11
590.7997236995334,5.82081e-11
590.8033897897667,5.82081e-11
590.8070561114333,5.82081e-11
590.8107224632666,5.82081e-11
590.8143889257667,5.82081e-11
590.8180550764,5.82081e-11
590.8217220621,5.82081e-11
590.8250551549667,5.82081e-11
590.8287220099,5.82081e-11
590.8323886233334,5.82081e-11
590.8360546733334,5.82081e-11
590.8397210151,5.82081e-11
590.8433890271,5.82081e-11
590.8470547853,5.82081e-11
590.8507202919667,5.82081e-11
590.8543870462667,5.82081e-11
590.8580535088,5.82081e-11
590.8617200317,5.82081e-11
590.8653870174,5.82081e-11
590.8690531378334,5.82081e-11
590.8723864520333,5.82081e-11
590.8760525825334,5.82081e-11
590.8797197191667,5.82081e-11
590.8833856685667,5.82081e-11
590.8870526643333,5.82081e-11
590.8907186841334,5.82081e-11
590.8943853177,5.82081e-11
590.8980518003333,5.82081e-11
590.9017183634667,5.82081e-11
590.9053846449,5.82081e-11
590.9090513187,5.82081e-11
590.9127179824334,5.82081e-11
590.9160520412333,5.82081e-11
590.9197185037333,5.82081e-11
590.9233844430667,5.82081e-11
590.9270509961333,5.82081e-11
590.9307170763,5.82081e-11
590.9343836092667,5.82081e-11
590.9380500013333,5.82081e-11
590.9417164638667,5.82081e-11
590.9453835803666,5.82081e-11
590.9490493788334,5.82081e-11
590.9527160023333,5.82081e-11
590.9563827968667,5.82081e-11
590.9600489374334,5.82081e-11
590.9633824126333,5.82081e-11
590.9670492273,5.82081e-11
590.9707155690667,5.82081e-11
590.9743815486333,5.82081e-11
590.978081818,5.82081e-11
590.9817479485,5.82081e-11
590.9854145015667,5.82081e-11
590.9890809339,5.82081e-11
590.9927475473334,5.82081e-11
590.9964151971,5.82081e-11
591.000080573,5.82081e-11
